symbol,name,market
000100,,ALL
000150,,ALL
000270,,ALL
000545,,ALL
000970,,ALL
001040,,ALL
002800,,ALL
003230,,ALL
003780,,ALL
004020,,ALL
004980,,ALL
005930,,ALL
006220,,ALL
006260,,ALL
006800,,ALL
007110,,ALL
007390,,ALL
008970,,ALL
009830,,ALL
010130,,ALL
011070,,ALL
012510,,ALL
013580,,ALL
014160,,ALL
015760,,ALL
016360,,ALL
018260,,ALL
020180,,ALL
028050,,ALL
028300,,ALL
030530,,ALL
032640,,ALL
034730,,ALL
035420,,ALL
035900,,ALL
038460,,ALL
039240,,ALL
039610,,ALL
041510,,ALL
042940,,ALL
051900,,ALL
052400,,ALL
053800,,ALL
058470,,ALL
058820,,ALL
064400,,ALL
065370,,ALL
071090,,ALL
079550,,ALL
082270,,ALL
083420,,ALL
083650,,ALL
086280,,ALL
086790,,ALL
096250,,ALL
099220,,ALL
103590,,ALL
122870,,ALL
128940,,ALL
139480,,ALL
145020,,ALL
173130,,ALL
192820,,ALL
196170,,ALL
207760,,ALL
208370,,ALL
214450,,ALL
267260,,ALL
267320,,ALL
271560,,ALL
277810,,ALL
285490,,ALL
289010,,ALL
295310,,ALL
317770,,ALL
331740,,ALL
347850,,ALL
348370,,ALL
355390,,ALL
373160,,ALL
376300,,ALL
376900,,ALL
394800,,ALL
403490,,ALL
403850,,ALL
411080,,ALL
417180,,ALL
437730,,ALL
439260,,ALL
444530,,ALL
456070,,ALL
456160,,ALL
458870,,ALL
459510,,ALL
460870,,ALL
460940,,ALL
462860,,ALL
466100,,ALL
483650,,ALL
484590,,ALL
486990,,ALL
